<?xml version="1.0" encoding="UTF-8" standalone="yes"?>
<addon id="repository.leighsrepository" name="mikodi.uk Repository" version="1.1.1" provider-name="LLovell">
	<extension point="xbmc.addon.repository" name="mikodi.uk Repository">
		<info compressed="false">https://raw.githubusercontent.com/LeiLovell/leighsrepository/master/addons.xml</info>
		<checksum>https://raw.githubusercontent.com/LeiLovell/leighsrepository/master/addons.xml.md5</checksum>
		<datadir zip="true">https://raw.githubusercontent.com/LeiLovell/leighsrepository/master/</datadir>
	</extension>
	<extension point="xbmc.addon.metadata">
		<summary>mikodi.uk Repository</summary>
		<description>Add-ons that arn't in the official kodi repository, that are sometimes a work in progress</description>
		<disclaimer>The owners and submitters to this repository do not host or distribute any of the content displayed by these addons nor do they have any affiliation with the content providers.</disclaimer>
		<platform>all</platform>
	</extension>
</addon>
