<?xml version="1.0" encoding="UTF-8" standalone="yes"?>
<addon id="plugin.video.mikodi.uk" name="FireTv Wizard" version="1.1.1" provider-name="LLovell">
  <requires>
    <import addon="xbmc.python" version="2.1.0"/>
	<import addon="script.module.addon.common"/>
  </requires>
  <extension point="xbmc.python.pluginsource" library="default.py">
        <provides>video executable</provides>
  </extension>
  <extension point="xbmc.addon.metadata">
    <summary lang="en">mikodi.uk</summary>
    <platform>all</platform>
  </extension>
</addon>
